Study title,Form Code,Item Code,Statistical Name,Page,Sequence,Data Type,Question Text,UOM,List Code,Min warning,Max warning,Min error,Max error,Formula - Description
XXXX,AE,AEYN,AEYN,1,1,List of values,Was an adverse event experienced?,,8111,,,,,
XXXX,AE,AESPID,AESPID,1,2,Integer,Adverse Event Number,,-1,,,,,Formula to automatically add Adverse Event number.
XXXX,AE,AETERM,AETERM,1,3,Text,Adverse Event Term,,-1,,,,,
XXXX,AE,AENARR,AENARR,1,4,Text memo,Adverse Event Narrative (optional),,-1,,,,,
XXXX,AE,AESTDAT,AESTDAT,1,5,Date,Onset Date,,-1,,,,,
XXXX,AE,AESTTIM_YN,AESTTIM_YN,1,6,List of values,Onset Time Known?,,8111,,,,,
XXXX,AE,AESTTIM,AESTTIM,1,7,Time,Onset Time,,-1,,,,,
XXXX,AE,AEAWDAT,AEAWDAT,1,8,Date,Date of Site Awareness,,-1,,,,,
XXXX,AE,AEONGO,AEONGO,1,9,List of values,Is the adverse event ongoing?,,8111,,,,,
XXXX,AE,AESEV,AESEV,1,10,Drop-down list,What is the severity of the Adverse Event?,,8474,,,,,
XXXX,AE,AESER,AESER,1,11,List of values,Is the Adverse Event serious?,,8111,,,,,
XXXX,AE,AEENDAT,AEENDAT,1,12,Date,Resolution Date,,-1,,,,,
XXXX,AE,AEENTIM_YN,AEENTIM_YN,1,13,List of values,Resolution Time Known?,,8111,,,,,
XXXX,AE,AEENTIM,AEENTIM,1,14,Time,Resolution Time,,-1,,,,,
XXXX,AE,AEREL_DEV,AEREL_DEV,1,15,Drop-down list,Relationship of the AE to the device,,8475,,,,,
XXXX,AE,AEREL_PRO,AEREL_PRO,1,16,Drop-down list,Relationship of the AE to the device procedures,,8475,,,,,
XXXX,AE,AEREL_PROSP,AEREL_PROSP,1,17,Text memo,Specify Procedure(s),,-1,,,,,
XXXX,AE,AEACNOTH_NONE,AEACNOTH_NONE,1,18,Boolean,None (no action required),,-1,,,,,
XXXX,AE,AEACNOTH_DRUG,AEACNOTH_DRUG,1,19,Boolean,Drug Intervention (medication taken),,-1,,,,,
XXXX,AE,AEACNOTH_PROC,AEACNOTH_PROC,1,20,Boolean,Procedural Intervention (procedure or surgery performed),,-1,,,,,
XXXX,AE,AEACNOTH_TESTS,AEACNOTH_TESTS,1,21,Boolean,"Assessment / Test (e.g. ECG, lab test)",,-1,,,,,
XXXX,AE,AEACNOTH_NDRNPR,AEACNOTH_NDRNPR,1,22,Boolean,"Other Intervention (e.g. physiotherapy, hospitalisation)",,-1,,,,,
XXXX,AE,AEACNOTH_TESTS_SP,AEACNOTH_TESTS_SP,1,23,Text memo,Specify Assessment(s) / Test(s),,-1,,,,,
XXXX,AE,AEACNOTH_NDRNPR_SP,AEACNOTH_NDRNPR_SP,1,24,Text memo,Specify Other Intervention(s),,-1,,,,,
XXXX,AE,AEOUT,AEOUT,1,25,Drop-down list,AE Outcome,,8476,,,,,
XXXX,AE,AEDIS,AEDIS,1,26,List of values,Caused Study Discontinuation?,,8111,,,,,
XXXX,AE,AESNOTYN,AESNOTYN,1,27,List of values,Has Sponsor been notified of the SAE?,,8111,,,,,
XXXX,AE,AENOTDAT,AENOTDAT,1,28,Date,Sponsor Notification Date,,-1,,,,,
XXXX,AE,AENOTTYP,AENOTTYP,1,29,Drop-down list,Method of Notification,,8477,,,,,
XXXX,AE,AESDTH,AESDTH,1,30,List of values,Did the adverse event result in death?,,8111,,,,,
XXXX,AE,AESLIFE,AESLIFE,1,31,List of values,Was the adverse event life-threatening?,,8111,,,,,
XXXX,AE,AESHOSP,AESHOSP,1,32,List of values,Did the adverse event result in initial or prolonged hospitalization for the subject?,,8111,,,,,
XXXX,AE,AESDISAB,AESDISAB,1,33,List of values,Did the adverse event result in disability or permanent damage?,,8111,,,,,
XXXX,AE,AESCONG,AESCONG,1,34,List of values,Was the adverse event associated with a congenital anomaly or birth defect?,,8111,,,,,
XXXX,AE,AESMIE,AESMIE,1,35,List of values,Was the adverse event a medically important event not covered by other serious criteria?,,8111,,,,,
XXXX,AE,AEHSTDAT,AEHSTDAT,1,36,Date,Hospital Admission Date,,-1,,,,,
XXXX,AE,AEHENDAT_YN,AEHENDAT_YN,1,37,List of values,Has the patient been discharged from hospital yet?,,8111,,,,,
XXXX,AE,AEHENDAT,AEHENDAT,1,38,Date,Hospital Discharge Date,,-1,,,,,
XXXX,CE_SYM,CETERM,CETERM,1,1,Text,Symptom,,-1,,,,,
XXXX,CE_SYM,CECAT,CECAT,1,2,Drop-down list,Indicative of,,9814,,,,,
XXXX,CE_SYM,CECAT_OTH,CECAT_OTH,1,3,Text,Specify other,,-1,,,,,
XXXX,CE_SYM,CESTDAT,CESTDAT,1,4,Date,Start Date,,0,,,,,
XXXX,CE_SYM,CEONGO,CEONGO,1,5,List of values,Ongoing?,,8111,,,,,
XXXX,CE_SYM,CEENDAT,CEENDAT,1,6,Date,End Date,,0,,,,,
XXXX,CE_SYM,HOYN_HOSP,HOYN_HOSP,1,7,List of values,Hospitalization Required?,,8111,,,,,
XXXX,CE_SYM,HOSTDAT_HOSP,HOSTDAT_HOSP,1,8,Date,Admission Date,,0,,,,,
XXXX,CE_SYM,HOONGO_HOSP,HOONGO_HOSP,1,9,List of values,Hospital Ongoing?,,8111,,,,,
XXXX,CE_SYM,HOENDAT_HOSP,HOENDAT_HOSP,1,10,Date,Discharge Date,,0,,,,,
XXXX,CE_SYM,CESEV,CESEV,1,11,Drop-down list,Symptom Severity,,8474,,,,,
XXXX,CE_SYM,CEACNOTH_NONE,CEACNOTH_NONE,1,12,Boolean,None,,0,,,,,
XXXX,CE_SYM,CEACNOTH_DRUG,CEACNOTH_DRUG,1,13,Boolean,Medication,,0,,,,,
XXXX,CE_SYM,CEACNOTH_PROC,CEACNOTH_PROC,1,14,Boolean,Procedure,,0,,,,,
XXXX,CE_SYM,CEACNOTH_TEST,CEACNOTH_TEST,1,15,Boolean,Test / Assessment,,0,,,,,
XXXX,CE_SYM,CEACNOTH_OTH,CEACNOTH_OTH,1,16,Boolean,Other,,0,,,,,
XXXX,CE_SYM,CEACNOTH_OTHSPEC,CEACNOTH_OTHSPEC,1,17,Text,Specify other action(s) taken,,-1,,,,,
XXXX,CE_SYM_SUM,CEYN,CEYN,1,1,List of values,Are there any instances of arrhythmia symptom recurrence to report since the ablation procedure?,,8111,,,,,
XXXX,CM,CMTRT,CMTRT,1,1,Text,Medication Name,,-1,,,,,
XXXX,CM,CMINDC_CAT,CMINDC_CAT,1,2,Drop-down list,Indication Category,,9806,,,,,
XXXX,CM,CMINDC,CMINDC,1,3,Text,Indication Term,,-1,,,,,
XXXX,CM,CMCAT,CMCAT,1,4,Drop-down list,Medication Category,,9809,,,,,
XXXX,CM,CMSTDAT_d,CMSTDAT_d,1,5,Drop-down list,Day,,9802,,,,,
XXXX,CM,CMSTDAT_m,CMSTDAT_m,1,6,Drop-down list,Month,,9803,,,,,
XXXX,CM,CMSTDAT_y,CMSTDAT_y,1,7,Drop-down list,Year,,9804,,,,,
XXXX,CM,CMSTDAT,CMSTDAT,1,8,Date,Start Date,,-1,,,,,"Formula to combine the Con Med start day, month and year items into a single start date item."
XXXX,CM,CMONGO,CMONGO,1,9,List of values,Ongoing?,,8111,,,,,
XXXX,CM,CMENDAT_d,CMENDAT_d,1,10,Drop-down list,Day,,9802,,,,,
XXXX,CM,CMENDAT_m,CMENDAT_m,1,11,Drop-down list,Month,,9803,,,,,
XXXX,CM,CMENDAT_y,CMENDAT_y,1,12,Drop-down list,Year,,9804,,,,,
XXXX,CM,CMENDAT,CMENDAT,1,13,Date,End Date,,-1,,,,,"Formula to combine the Con Med end day, month and year items into a single end date item."
XXXX,CM,CMDSTXT,CMDSTXT,1,14,Real,Dose,,-1,,,0,,
XXXX,CM,CMDOSU,CMDOSU,1,15,Drop-down list,Unit,,9810,,,,,
XXXX,CM,CMDOSU_OTH,CMDOSU_OTH,1,16,Text,Specify other unit,,-1,,,,,
XXXX,CM,CMDOSFRM,CMDOSFRM,1,17,Drop-down list,Dose Form,,9811,,,,,
XXXX,CM,CMDOSFRM_OTH,CMDOSFRM_OTH,1,18,Text,Specify other dose form,,-1,,,,,
XXXX,CM,CMDOSFRQ,CMDOSFRQ,1,19,Drop-down list,Frequency,,9812,,,,,
XXXX,CM,CMDOSFRQ_OTH,CMDOSFRQ_OTH,1,20,Text,Specify other frequency,,-1,,,,,
XXXX,CM,CMROUTE,CMROUTE,1,21,Drop-down list,Route,,9813,,,,,
XXXX,CM,CMROUTE_OTH,CMROUTE_OTH,1,22,Text,Specify other route,,-1,,,,,
XXXX,CM_SUM,CMYN,CMYN,1,1,List of values,Are there any prior or concomitant medications to report?,,8111,,,,,
XXXX,DM,BRTHDAT,BRTHDAT,1,1,Date,Date of Birth,,-1,,,,,
XXXX,DM,AGE,AGE,1,2,Integer,Age (at time of consent),years,-1,,120,,,Formula to calculate patient's age from DOB at time of consent.
XXXX,DM,SEX,SEX,1,3,List of values,Sex,,8113,,,,,
XXXX,DM,DMCBP,DMCBP,1,4,List of values,Is the patient of child-bearing potential?,,8111,,,,,
XXXX,DM,DMCBP_CONT,DMCBP_CONT,1,5,Text memo,Contraception method(s) used by this patient,,-1,,,,,
XXXX,DM,DMNCBP_REAS,DMNCBP_REAS,1,6,Text memo,"Reason for non-child-bearing potential (e.g. postmenopausal, surgically sterile etc.)",,-1,,,,,
XXXX,DM,ETHNIC,ETHNIC,1,7,List of values,Ethnicity,,8114,,,,,
XXXX,DM,RACE,RACE,1,8,List of values,Race,,8115,,,,,
XXXX,DM,RACEOTH,RACEOTH,1,9,Text,Specify other race,,-1,,,,,
XXXX,DS_COMP,DSSTDAT_COMP,DSSTDAT_COMP,1,1,Date,Date of Study Completion or Discontinuation (last visit or assessment performed in the study),,-1,,,,,
XXXX,DS_COMP,DSLCDAT_COMP,DSLCDAT_COMP,1,2,Date,"Date of Last Contact (last follow-up contact made with patient, e.g. phone call)",,-1,,,,,
XXXX,DS_COMP,DSDECOD_COMP,DSDECOD_COMP,1,3,Drop-down list,Patients status at time of completion or discontinuation,,8122,,,,,
XXXX,DS_COMP,DSTERMSF_COMP,DSTERMSF_COMP,1,4,Text memo,Reason for Screen Failure (include eligibility criteria numbers failed),,-1,,,,,
XXXX,DS_COMP,DSFUPATT1_COMP,DSFUPATT1_COMP,1,5,Date,Attempt 1 Date (phone call),,-1,,,,,
XXXX,DS_COMP,DSFUPATT2_COMP,DSFUPATT2_COMP,1,6,Date,Attempt 2 Date (phone call),,-1,,,,,
XXXX,DS_COMP,DSFUPATT3_COMP,DSFUPATT3_COMP,1,7,Date,Attempt 3 Date (phone call),,-1,,,,,
XXXX,DS_COMP,DSFUPATT4_COMP,DSFUPATT4_COMP,1,8,Date,Attempt 4 Date (letter or email),,-1,,,,,
XXXX,DS_COMP,DSATT4TYP_COMP,DSATT4TYP_COMP,1,9,List of values,Attempt 4 Method:,,8123,,,,,
XXXX,DS_COMP,DSTERMCW_COMP,DSTERMCW_COMP,1,10,Text memo,Reason for Consent Withdrawal,,-1,,,,,
XXXX,DS_COMP,DSTERMCWD_COMP,DSTERMCWD_COMP,1,11,Date,Date Consent Withdrawn,,-1,,,,,
XXXX,DS_COMP,DSTERMIW_COMP,DSTERMIW_COMP,1,12,Text memo,Reason for Investigator Withdrawal,,-1,,,,,
XXXX,DS_COMP,DSTERMAE_COMP,DSTERMAE_COMP,1,13,Text memo,Adverse Event Number and Term that caused Withdrawal,,-1,,,,,
XXXX,DS_COMP,DSTERMPD_COMP,DSTERMPD_COMP,1,14,Integer,Protocol Deviation Number that caused Withdrawal,,-1,,,1,,
XXXX,DS_COMP,DSTERMOTH_COMP,DSTERMOTH_COMP,1,15,Text memo,Specify Other Reason(s) for Withdrawal,,-1,,,,,
XXXX,DS_IC,DSPERF1_IC,DSPERF1_IC,1,1,List of values,Was Informed Consent Obtained?,,8111,,,,,
XXXX,DS_IC,DSSTDAT1_IC,DSSTDAT1_IC,1,2,Date,Date Patient Signed Main Study Consent,,-1,,,,,
XXXX,DS_IC,DSPRV1_IC,DSPRV1_IC,1,3,Drop-down list,Protocol Version at Time of Main Study Consent,,8112,,,,,
XXXX,DS_IC,DSPRVOTH1_IC,DSPRVOTH1_IC,1,4,Text,Other Version,,0,,,,,
XXXX,DS_IC,DSPRDTOTH1_IC,DSPRDTOTH1_IC,1,5,Date,Date,,-1,,,,,
XXXX,DS_IC,DSPERF2_IC,DSPERF2_IC,1,6,List of values,Did the patient consent to the Sub-Study?,,8111,,,,,
XXXX,DS_IC,DSSTDAT2_IC,DSSTDAT2_IC,1,7,Date,Date Patient Signed Sub-Study Consent,,-1,,,,,
XXXX,DS_IC,DSPRV2_IC,DSPRV2_IC,1,8,Drop-down list,Protocol Version at Time of Sub-Study Consent,,8112,,,,,
XXXX,DS_IC,DSPRVOTH2_IC,DSPRVOTH2_IC,1,9,Text,Other Version,,0,,,,,
XXXX,DS_IC,DSPRDTOTH2_IC,DSPRDTOTH2_IC,1,10,Date,Date,,-1,,,,,
XXXX,DS_IC_RE,DSPERF_ICRE,DSPERF_ICRE,1,1,List of values,Was Informed Consent Obtained?,,8111,,,,,
XXXX,DS_IC_RE,DSTYPE_ICRE,DSTYPE_ICRE,1,2,Drop-down list,Consent Type,,9924,,,,,
XXXX,DS_IC_RE,DSSTDAT_ICRE,DSSTDAT_ICRE,1,3,Date,Date Patient Signed Consent,,-1,,,,,
XXXX,DS_IC_RE,DSPRV_ICRE,DSPRV_ICRE,1,4,Drop-down list,Protocol Version at Time of Consent,,8112,,,,,
XXXX,DS_IC_RE,DSPRVOTH_ICRE,DSPRVOTH_ICRE,1,5,Text,Other Version,,0,,,,,
XXXX,DS_IC_RE,DSPRDTOTH_ICRE,DSPRDTOTH_ICRE,1,6,Date,Date,,-1,,,,,
XXXX,DV,DVYN,DVYN,1,1,List of values,Did a protocol deviation occur?,,8111,,,,,
XXXX,DV,DVSPID,DVSPID,1,2,Integer,Protocol Deviation Number,,-1,,,,,Formula to automatically add Protocol Deviation Number.
XXXX,DV,DVVISIT,DVVISIT,1,3,Drop-down list,Related Visit,,8119,,,,,
XXXX,DV,DVASSESS,DVASSESS,1,4,Drop-down list,Related Assessment,,8120,,,,,
XXXX,DV,DVSTDAT,DVSTDAT,1,5,Date,Date of Deviation,,-1,,,,,
XXXX,DV,DVPTSAFE,DVPTSAFE,1,6,List of values,Was patient safety compromised?,,8111,,,,,
XXXX,DV,DVSPNOT,DVSPNOT,1,7,List of values,Was Sponsor notification required?,,8111,,,,,
XXXX,DV,DVSPNOTDAT,DVSPNOTDAT,1,8,Date,Sponsor Notification Date,,-1,,,,,
XXXX,DV,DVHRECNOT,DVHRECNOT,1,9,List of values,Was HREC notification required?,,8111,,,,,
XXXX,DV,DVHRECNOTDAT,DVHRECNOTDAT,1,10,Date,HREC Notification Date,,-1,,,,,
XXXX,DV,DVTERM,DVTERM,1,11,Text memo,Short Deviation Summary,,-1,,,,,
XXXX,DV,DVDESC,DVDESC,1,12,Text memo,"Detailed Deviation Narrative (include details relating to the source of the deviation,
its impact on the study, and the immediate action taken)",,-1,,,,,
XXXX,DV,DVDECOD,DVDECOD,1,13,Drop-down list,Deviation Category,,8121,,,,,
XXXX,DV,DVDECOD_OTH,DVDECOD_OTH,1,14,Text memo,Specify Other Category,,-1,,,,,
XXXX,DV,DVOUTC,DVOUTC,1,15,Text memo,Outcome / Corrective Action,,-1,,,,,
XXXX,EG,EGPERF,EGPERF,1,1,List of values,Was an ECG Performed?,,8111,,,,,
XXXX,EG,EGREASND,EGREASND,1,2,Text memo,Reason ECG not performed,,-1,,,,,
XXXX,EG,EGDAT,EGDAT,1,3,Date,Date Performed,,-1,,,,,
XXXX,EG,EGTIM,EGTIM,1,4,Time,Time ECG Taken,,-1,,,,,
XXXX,EG,EGORRES_HR,EGORRES_HR,1,5,Integer,Heart Rate,bpm,-1,30,200,0,999,
XXXX,EG,EGORRES_PR,EGORRES_PR,1,6,Integer,PR Interval,msec,-1,,,0,,
XXXX,EG,EGORRES_QRS,EGORRES_QRS,1,7,Integer,QRS Duration,msec,-1,,,0,,
XXXX,EG,EGORRES_QT,EGORRES_QT,1,8,Integer,QT Interval,msec,-1,,,0,,
XXXX,EG,EGORRES_QTCF,EGORRES_QTCF,1,9,Integer,QTcF Interval,msec,-1,,,0,,
XXXX,EG,EGOTHFIND,EGOTHFIND,1,10,List of values,Were there any other notable ECG findings?,,8111,,,,,
XXXX,EG,EGFINDLIST,EGFINDLIST,1,11,Text memo,List other notable ECG findings,,-1,,,,,
XXXX,EG,EGASSESS,EGASSESS,1,12,List of values,Overall assessment of the ECG,,8489,,,,,
XXXX,EG,EGCLSIG,EGCLSIG,1,13,List of values,Were the abnormality(s) clinically significant?,,8111,,,,,
XXXX,IE,IECAT,IECAT,1,1,Drop-down list,Criterion category patient failed on,,8478,,,,,
XXXX,IE,IETESTCD,IETESTCD,1,2,Drop-down list,Criterion number patient failed on,,8479,,,,,
XXXX,IE_SUM,IEPERF,IEPERF,1,1,List of values,Was eligibility review performed?,,8111,,,,,
XXXX,IE_SUM,IEREASND,IEREASND,1,2,Text memo,Reason eligibility review not performed,,-1,,,,,
XXXX,IE_SUM,IEDAT,IEDAT,1,3,Date,Date of Review,,-1,,,,,
XXXX,IE_SUM,IEYN,IEYN,1,4,List of values,Was the patient eligible for the study?,,8111,,,,,
XXXX,LB_PREG,LBPERF_PREG,LBPERF_PREG,1,1,List of values,Was a pregnancy test performed?,,8111,,,,,
XXXX,LB_PREG,LBREASND_PREG,LBREASND_PREG,1,2,Text memo,Reason test not done,,-1,,,,,
XXXX,LB_PREG,LBDAT_PREG,LBDAT_PREG,1,3,Date,Sample collection date,,-1,,,,,
XXXX,LB_PREG,LBTIM_PREG,LBTIM_PREG,1,4,Time,Sample collection time,,-1,,,,,
XXXX,LB_PREG,LBSCAT_PREG,LBSCAT_PREG,1,5,List of values,Sample type,,8117,,,,,
XXXX,LB_PREG,LBORRES_PREG,LBORRES_PREG,1,6,List of values,Result,,8118,,,,,
XXXX,PR,PRTRT,PRTRT,1,1,Text,Procedure / Surgery Name,,-1,,,,,
XXXX,PR,PRDAT,PRDAT,1,2,Date,Date Performed,,-1,,,,,
XXXX,PR,PRINDC_CAT,PRINDC_CAT,1,3,Drop-down list,Indication Category,,9806,,,,,
XXXX,PR,PRINDC,PRINDC,1,4,Text,Indication Term,,-1,,,,,
XXXX,PR,PRCVYN,PRCVYN,1,5,Drop-down list,Is it a cardioversion?,,8111,,,,,
XXXX,PR,PRCVTYP,PRCVTYP,1,6,Drop-down list,Cardioversion type:,,9807,,,,,
XXXX,PR,PRCVOUT,PRCVOUT,1,7,Drop-down list,Cardioversion outcome:,,9808,,,,,
XXXX,PR_SUM,PRYN,PRYN,1,1,List of values,Are there any concomitant procedures or surgeries to report for this patient?,,8111,,,,,
XXXX,SV,SVNA1,SVNA1,1,1,Boolean,Visit NRQ - Sub-study visit performed at this time point instead.,,-1,,,,,
XXXX,SV,SVNA2,SVNA2,1,2,Boolean,Visit NRQ - Patient consented to the sub-study but is not participating due to Investigator discretion.,,-1,,,,,
XXXX,SV,SVOCCUR,SVOCCUR,1,3,List of values,Was the visit performed?,,8111,,,,,
XXXX,SV,SVREASOC,SVREASOC,1,4,Text memo,Reason visit not performed,,-1,,,,,
XXXX,SV,SVDAT,SVDAT,1,5,Date,Date of Visit,,-1,,,,,
XXXX,SV_UNS,SVOCCUR,SVOCCUR,1,1,List of values,Was the visit performed?,,8111,,,,,
XXXX,SV_UNS,SVDAT,SVDAT,1,2,Date,Date of Visit,,-1,,,,,
XXXX,SV_UNS,SVUPDES,SVUPDES,1,3,Text memo,Reason for Unscheduled Visit / Assessment,,-1,,,,,
XXXX,SV_UNS,SVTEST_DSICRE,SVTEST_DSICRE,1,4,Boolean,Reconsent,,-1,,,,,
XXXX,SV_UNS,SVTEST_VSHTWT,SVTEST_VSHTWT,1,5,Boolean,"Height, Weight and BMI",,-1,,,,,
XXXX,SV_UNS,SVTEST_LBPREG,SVTEST_LBPREG,1,6,Boolean,Pregnancy Test,,-1,,,,,
XXXX,SV_UNS,SVTEST_EG,SVTEST_EG,1,7,Boolean,Electrocardiogram,,-1,,,,,
XXXX,SV_UNS,SVTEST_LBCOAG,SVTEST_LBCOAG,1,15,Boolean,Clinical Laboratory Test,,-1,,,,,
XXXX,SV_UNS,SVTEST_PENEURO,SVTEST_PENEURO,1,17,Boolean,Neurological Examination,,-1,,,,,
XXXX,SV_UNS,SVTEST_OTH,SVTEST_OTH,1,18,Boolean,Other,,-1,,,,,
XXXX,SV_UNS,SVTEST_OTH_DESC,SVTEST_OTH_DESC,1,19,Text memo,"Description of 'Other' assessments not possible to be captured on above forms (include the date and time of the assessment / sample collection and the outcome / result, if applicable)",,-1,,,,,
XXXX,VS_HTWT,VSPERF_HTWT,VSPERF_HTWT,1,1,List of values,Were height and weight measurements performed for BMI calculation?,,8111,,,,,
XXXX,VS_HTWT,VSDAT_HTWT,VSDAT_HTWT,1,2,Date,Date of measurement,,-1,,,,,
XXXX,VS_HTWT,VSTIM_HTWT,VSTIM_HTWT,1,3,Time,Time of measurement,,-1,,,,,
XXXX,VS_HTWT,VSREASND_HTWT,VSREASND_HTWT,1,4,Text memo,Reason height and weight not measured,,-1,,,,,
XXXX,VS_HTWT,VSORRES_HEIGHT,VSORRES_HEIGHT,1,5,Real,Height,metres,-1,,,0,3,
XXXX,VS_HTWT,VSORRES_WEIGHT,VSORRES_WEIGHT,1,6,Real,Weight,kilograms,-1,,,0,500,
XXXX,VS_HTWT,VSORRES_BMI,VSORRES_BMI,1,7,Real,BMI,kg/m2,-1,,,,,Formula to calculate BMI
